{"count":1,"self":111.9446016,"total":122.4028625,"children":{"InitializeActuators":{"count":12,"self":0.0039895999999999994,"total":0.0039895999999999994,"children":null},"InitializeSensors":{"count":12,"self":0.0039892999999999994,"total":0.0039892999999999994,"children":null},"AgentSendState":{"count":5865,"self":0.19279269999999998,"total":0.6403973,"children":{"UpdateModelSpacePoses":{"count":11730,"self":0.14779879999999998,"total":0.14779879999999998,"children":null},"UpdateLocalSpacePoses":{"count":11730,"self":0.1515297,"total":0.1515297,"children":null},"CollectObservations":{"count":11730,"self":0.046837199999999996,"total":0.046837199999999996,"children":null},"WriteActionMask":{"count":11730,"self":0.032627699999999996,"total":0.032627699999999996,"children":null},"RequestDecision":{"count":11730,"self":0.0688112,"total":0.0688112,"children":null}}},"DecideAction":{"count":5865,"self":2.4722616,"total":8.0943911,"children":{"RayPerceptionSensor.Perceive":{"count":35190,"self":5.6221296,"total":5.6221295,"children":null}}},"AgentAct":{"count":5865,"self":1.7135011999999998,"total":1.7144979999999999,"children":{"InitializeActuators":{"count":10,"self":0,"total":0,"children":null},"InitializeSensors":{"count":10,"self":0.0009968,"total":0.0009968,"children":null}}}},"gauges":{"Dog.CumulativeReward":{"count":12,"max":105.230087,"min":28.5383663,"runningAverage":87.0307846,"value":96.44725,"weightedAverage":81.66599}},"metadata":{"timer_format_version":"0.1.0","start_time_seconds":"1613148894","unity_version":"2020.2.2f1","command_line_arguments":"C:\\Program Files\\Unity\\Hub\\Editor\\2020.2.2f1\\Editor\\Unity.exe -projectpath H:\/Git\/Unity\/DogWalker -useHub -hubIPC -cloudEnvironment production -hubSessionId 6e8955c0-6d1f-11eb-a16c-9f9058b5ab6e","communication_protocol_version":"1.3.0","com.unity.ml-agents_version":"1.7.2-preview","scene_name":"DogArena","end_time_seconds":"1613149016"}}