{"count":1,"self":79.9360832,"total":81.6480347,"children":{"InitializeActuators":{"count":1,"self":0.0029920999999999997,"total":0.0029920999999999997,"children":null},"InitializeSensors":{"count":1,"self":0.0039892999999999994,"total":0.0039892999999999994,"children":null},"AgentSendState":{"count":3859,"self":0.030899999999999997,"total":0.45101379999999996,"children":{"UpdateModelSpacePoses":{"count":772,"self":0.013936599999999999,"total":0.013936599999999999,"children":null},"UpdateLocalSpacePoses":{"count":772,"self":0.014065699999999999,"total":0.014065699999999999,"children":null},"CollectObservations":{"count":772,"self":0.3761576,"total":0.3761576,"children":null},"WriteActionMask":{"count":772,"self":0.0019971999999999998,"total":0.0019971999999999998,"children":null},"RequestDecision":{"count":772,"self":0.013956699999999999,"total":0.013956699999999999,"children":null}}},"DecideAction":{"count":3859,"self":1.0381318,"total":1.0381318,"children":null},"AgentAct":{"count":3859,"self":0.21482659999999998,"total":0.21482659999999998,"children":null}},"gauges":{},"metadata":{"timer_format_version":"0.1.0","start_time_seconds":"1627500467","unity_version":"2020.2.2f1","command_line_arguments":"C:\\Program Files\\Unity\\Hub\\Editor\\2020.2.2f1\\Editor\\Unity.exe -projectpath H:\/Git\/Unity\/DogWalker -useHub -hubIPC -cloudEnvironment production -hubSessionId c8ec4080-efd9-11eb-af9c-f1d62133f529 -accessToken Qe5yUO71-jLhHtn0ItfR86gtkVw_s4ZBPjCR3tSzN90001f","communication_protocol_version":"1.3.0","com.unity.ml-agents_version":"1.7.2-preview","scene_name":"DogObsArena","end_time_seconds":"1627500548"}}