{"count":1,"self":44.328047999999995,"total":760.7438098,"children":{"InitializeActuators":{"count":1580,"self":0.0239375,"total":0.0239375,"children":null},"InitializeSensors":{"count":1580,"self":0.0977889,"total":0.0977889,"children":null},"AgentSendState":{"count":51417,"self":1.2776452,"total":21.697231499999997,"children":{"UpdateModelSpacePoses":{"count":102840,"self":0.8298241,"total":0.8298241,"children":null},"UpdateLocalSpacePoses":{"count":102840,"self":0.92096879999999992,"total":0.92096879999999992,"children":null},"CollectObservations":{"count":102840,"self":0.4405288,"total":0.4405288,"children":null},"WriteActionMask":{"count":102840,"self":0.19899229999999998,"total":0.19899229999999998,"children":null},"RequestDecision":{"count":102840,"self":0.7388769,"total":18.0292723,"children":{"AgentInfo.ToProto":{"count":102840,"self":0.49898109999999996,"total":17.290395399999998,"children":{"GenerateSensorData":{"count":102840,"self":4.240238,"total":16.7914143,"children":{"RayPerceptionSensor.Perceive":{"count":308520,"self":12.551176,"total":12.5511763,"children":null}}}}}}}}},"DecideAction":{"count":51417,"self":689.6728064,"total":689.67280499999993,"children":null},"AgentAct":{"count":51417,"self":4.5970012,"total":4.6239535,"children":{"AgentInfo.ToProto":{"count":109,"self":0.0019944999999999997,"total":0.016956799999999998,"children":{"GenerateSensorData":{"count":109,"self":0.0029939999999999997,"total":0.0149623,"children":{"RayPerceptionSensor.Perceive":{"count":327,"self":0.0119683,"total":0.0119683,"children":null}}}}},"InitializeActuators":{"count":109,"self":0.0029925999999999998,"total":0.0029925999999999998,"children":null},"InitializeSensors":{"count":109,"self":0.007003,"total":0.007003,"children":null}}},"AgentInfo.ToProto":{"count":1570,"self":0.012952,"total":0.2990487,"children":{"GenerateSensorData":{"count":1570,"self":0.0783523,"total":0.2860967,"children":{"RayPerceptionSensor.Perceive":{"count":4710,"self":0.2077444,"total":0.2077444,"children":null}}}}}},"gauges":{"Dog.CumulativeReward":{"count":1679,"max":2.71290445,"min":-3.67340755,"runningAverage":-0.123353727,"value":0.551361442,"weightedAverage":0.0127011612}},"metadata":{"timer_format_version":"0.1.0","start_time_seconds":"1612662309","unity_version":"2020.2.2f1","command_line_arguments":"C:\\Program Files\\Unity\\Hub\\Editor\\2020.2.2f1\\Editor\\Unity.exe -projectpath H:\/Git\/Unity\/DogWalker -useHub -hubIPC -cloudEnvironment production -hubSessionId b1193190-689b-11eb-9970-6b7e7130d0f8","communication_protocol_version":"1.3.0","com.unity.ml-agents_version":"1.7.2-preview","scene_name":"SampleScene","end_time_seconds":"1612663070"}}