{"count":1,"self":126.26298879999999,"total":155.23364329999998,"children":{"InitializeActuators":{"count":344,"self":0.0087659,"total":0.0087659,"children":null},"InitializeSensors":{"count":344,"self":0.0259836,"total":0.0259836,"children":null},"AgentSendState":{"count":7532,"self":0.55908649999999993,"total":1.2518685999999999,"children":{"UpdateModelSpacePoses":{"count":16577,"self":0.191239,"total":0.191239,"children":null},"UpdateLocalSpacePoses":{"count":16577,"self":0.1763139,"total":0.1763139,"children":null},"CollectObservations":{"count":16577,"self":0.0691476,"total":0.0691476,"children":null},"WriteActionMask":{"count":16577,"self":0.0802847,"total":0.0802847,"children":null},"RequestDecision":{"count":16577,"self":0.17579689999999998,"total":0.17579689999999998,"children":null}}},"DecideAction":{"count":7532,"self":25.275284799999998,"total":26.6642968,"children":{"RayPerceptionSensor.Perceive":{"count":33154,"self":1.3890126,"total":1.3890126,"children":null}}},"AgentAct":{"count":7532,"self":1.0187488999999998,"total":1.0187488999999998,"children":null}},"gauges":{"Dog.CumulativeReward":{"count":333,"max":1.86995566,"min":1.8624959,"runningAverage":1.86546361,"value":1.86377645,"weightedAverage":1.86528111}},"metadata":{"timer_format_version":"0.1.0","start_time_seconds":"1611859391","unity_version":"2019.4.14f1","command_line_arguments":"C:\\Program Files\\Unity\\Hub\\Editor\\2019.4.14f1\\Editor\\Unity.exe -projectpath H:\/Unity\/ml agents wrestling -useHub -hubIPC -cloudEnvironment production -hubSessionId 07f8ffa0-6157-11eb-97bb-67c851cfbc23","communication_protocol_version":"1.3.0","com.unity.ml-agents_version":"1.7.2-preview","scene_name":"SampleScene","end_time_seconds":"1611859546"}}