{"count":1,"self":33.0360704,"total":362.62163599999997,"children":{"InitializeActuators":{"count":1094,"self":0.0139519,"total":0.0139519,"children":null},"InitializeSensors":{"count":1094,"self":0.0557536,"total":0.0557536,"children":null},"AgentSendState":{"count":27784,"self":0.625046,"total":11.1154084,"children":{"UpdateModelSpacePoses":{"count":57324,"self":0.4459933,"total":0.4459933,"children":null},"UpdateLocalSpacePoses":{"count":57324,"self":0.4452639,"total":0.4452639,"children":null},"CollectObservations":{"count":57324,"self":0.1614015,"total":0.1614015,"children":null},"WriteActionMask":{"count":57324,"self":0.084966599999999989,"total":0.084966599999999989,"children":null},"RequestDecision":{"count":57324,"self":0.3193948,"total":9.3527370999999988,"children":{"AgentInfo.ToProto":{"count":57324,"self":0.2267566,"total":9.0333423,"children":{"GenerateSensorData":{"count":57324,"self":2.2774516,"total":8.8065857,"children":{"RayPerceptionSensor.Perceive":{"count":171972,"self":6.529134,"total":6.5291340999999994,"children":null}}}}}}}}},"DecideAction":{"count":27784,"self":315.7382912,"total":315.7382896,"children":null},"AgentAct":{"count":27784,"self":2.4400808,"total":2.4560193,"children":{"AgentInfo.ToProto":{"count":53,"self":0,"total":0.0109369,"children":{"GenerateSensorData":{"count":53,"self":0.0029725999999999997,"total":0.0109369,"children":{"RayPerceptionSensor.Perceive":{"count":159,"self":0.0079642999999999988,"total":0.0079642999999999988,"children":null}}}}},"InitializeActuators":{"count":53,"self":0,"total":0,"children":null},"InitializeSensors":{"count":53,"self":0.0050016999999999995,"total":0.0050016999999999995,"children":null}}},"AgentInfo.ToProto":{"count":1083,"self":0.0069767,"total":0.20514549999999998,"children":{"GenerateSensorData":{"count":1083,"self":0.0710642,"total":0.19816879999999998,"children":{"RayPerceptionSensor.Perceive":{"count":3249,"self":0.12710459999999998,"total":0.12710459999999998,"children":null}}}}}},"gauges":{"Dog.CumulativeReward":{"count":1136,"max":0.4342833,"min":-0.05,"runningAverage":-0.00189387519,"value":0.008498382,"weightedAverage":-0.01713793}},"metadata":{"timer_format_version":"0.1.0","start_time_seconds":"1612492169","unity_version":"2020.2.2f1","command_line_arguments":"C:\\Program Files\\Unity\\Hub\\Editor\\2020.2.2f1\\Editor\\Unity.exe -projectpath H:\/Git\/Unity\/DogWalker -useHub -hubIPC -cloudEnvironment production -hubSessionId 62cdac80-6721-11eb-bf5d-d9bc4e1dfca8","communication_protocol_version":"1.3.0","com.unity.ml-agents_version":"1.7.2-preview","scene_name":"SampleScene","end_time_seconds":"1612492532"}}