{"count":1,"self":273.3718784,"total":319.5494375,"children":{"InitializeActuators":{"count":58,"self":0.0039899,"total":0.0039899,"children":null},"InitializeSensors":{"count":58,"self":0.0099735999999999991,"total":0.0099735999999999991,"children":null},"AgentSendState":{"count":15751,"self":0.43261839999999996,"total":1.3570233,"children":{"UpdateModelSpacePoses":{"count":35428,"self":0.3545369,"total":0.3545369,"children":null},"UpdateLocalSpacePoses":{"count":35428,"self":0.28937779999999996,"total":0.28937779999999996,"children":null},"CollectObservations":{"count":35428,"self":0.051370099999999995,"total":0.051370099999999995,"children":null},"WriteActionMask":{"count":35428,"self":0.0609216,"total":0.0609216,"children":null},"RequestDecision":{"count":35428,"self":0.1681985,"total":0.1681985,"children":null}}},"DecideAction":{"count":15751,"self":37.697392,"total":41.9725275,"children":{"RayPerceptionSensor.Perceive":{"count":70856,"self":4.275136,"total":4.2751358999999995,"children":null}}},"AgentAct":{"count":15751,"self":2.8240705999999998,"total":2.8330420999999997,"children":{"InitializeActuators":{"count":134,"self":0.0039872,"total":0.0039872,"children":null},"InitializeSensors":{"count":134,"self":0.0049843,"total":0.0049843,"children":null}}}},"gauges":{"Dog.CumulativeReward":{"count":180,"max":3.12466764,"min":0.029651165,"runningAverage":1.93441224,"value":3.11686039,"weightedAverage":1.89099419}},"metadata":{"timer_format_version":"0.1.0","start_time_seconds":"1611966091","unity_version":"2020.2.2f1","command_line_arguments":"C:\\Program Files\\Unity\\Hub\\Editor\\2020.2.2f1\\Editor\\Unity.exe -projectpath H:\/Git\/Unity\/DogWalker -useHub -hubIPC -cloudEnvironment production -hubSessionId f0a45870-6220-11eb-b71c-01a64733aa39","communication_protocol_version":"1.3.0","com.unity.ml-agents_version":"1.7.2-preview","scene_name":"SampleScene","end_time_seconds":"1611966410"}}